Datetime,Water Level (m)
2025-02-25 06:00:00,0.1239525
2025-02-25 07:00:00,0.055387422
2025-02-25 08:00:00,-0.14239864
2025-02-25 09:00:00,-0.32638186
2025-02-25 10:00:00,-0.48921207
2025-02-25 11:00:00,-0.6267996
2025-02-25 12:00:00,-0.74334925
2025-02-25 13:00:00,-0.83172405
2025-02-25 14:00:00,-0.71655285
2025-02-25 15:00:00,-0.36453408
2025-02-25 16:00:00,-0.035931937
2025-02-25 17:00:00,0.24996759
2025-02-25 18:00:00,0.42061386
2025-02-25 19:00:00,0.433427
2025-02-25 20:00:00,0.23035955
2025-02-25 21:00:00,-0.029160406
2025-02-25 22:00:00,-0.24173634
2025-02-25 23:00:00,-0.4181938
2025-02-26 00:00:00,-0.5679088
2025-02-26 01:00:00,-0.69644815
2025-02-26 02:00:00,-0.7931394
2025-02-26 03:00:00,-0.6987174
2025-02-26 04:00:00,-0.34268004
2025-02-26 05:00:00,-0.0548127
2025-02-26 06:00:00,0.16376367
2025-02-26 07:00:00,0.23610628
2025-02-26 08:00:00,0.09903225
2025-02-26 09:00:00,-0.14645594
2025-02-26 10:00:00,-0.35508263
2025-02-26 11:00:00,-0.52972066
2025-02-26 12:00:00,-0.67232877
2025-02-26 13:00:00,-0.7937062
2025-02-26 14:00:00,-0.86946625
2025-02-26 15:00:00,-0.63683385
2025-02-26 16:00:00,-0.2654602
2025-02-26 17:00:00,0.104417674
2025-02-26 18:00:00,0.39556852
2025-02-26 19:00:00,0.55857944
2025-02-26 20:00:00,0.5154353
2025-02-26 21:00:00,0.23442549
2025-02-26 22:00:00,-0.03404846
2025-02-26 23:00:00,-0.25180638
2025-02-27 00:00:00,-0.4283051
2025-02-27 01:00:00,-0.5821411
2025-02-27 02:00:00,-0.71543026
2025-02-27 03:00:00,-0.7951944
2025-02-27 04:00:00,-0.49573576
2025-02-27 05:00:00,-0.11965347
2025-02-27 06:00:00,0.20190282
2025-02-27 07:00:00,0.39748406
2025-02-27 08:00:00,0.40206218
2025-02-27 09:00:00,0.17006
2025-02-27 10:00:00,-0.08941973
2025-02-27 11:00:00,-0.29809707
2025-02-27 12:00:00,-0.47356373
2025-02-27 13:00:00,-0.6202466
2025-02-27 14:00:00,-0.7481289
2025-02-27 15:00:00,-0.8056855
2025-02-27 16:00:00,-0.44942787
2025-02-27 17:00:00,-0.04371816
2025-02-27 18:00:00,0.34920338
2025-02-27 19:00:00,0.6209599
2025-02-27 20:00:00,0.72171444
2025-02-27 21:00:00,0.5376278
2025-02-27 22:00:00,0.2082108
2025-02-27 23:00:00,-0.049052812
2025-02-28 00:00:00,-0.25821784
2025-02-28 01:00:00,-0.43080622
2025-02-28 02:00:00,-0.58499366
2025-02-28 03:00:00,-0.71692514
2025-02-28 04:00:00,-0.72616017
2025-02-28 05:00:00,-0.27951175
2025-02-28 06:00:00,0.10908979
2025-02-28 07:00:00,0.4301131
2025-02-28 08:00:00,0.59386516
2025-02-28 09:00:00,0.51540554
2025-02-28 10:00:00,0.21993142
2025-02-28 11:00:00,-0.040574066
2025-02-28 12:00:00,-0.2536143
2025-02-28 13:00:00,-0.4295424
2025-02-28 14:00:00,-0.5832635
2025-02-28 15:00:00,-0.71556574
2025-02-28 16:00:00,-0.7238995
2025-02-28 17:00:00,-0.26575515
2025-02-28 18:00:00,0.16291706
2025-02-28 19:00:00,0.5373561
2025-02-28 20:00:00,0.7717793
2025-02-28 21:00:00,0.76674294
2025-02-28 22:00:00,0.46650693
2025-02-28 23:00:00,0.15470962
2025-03-01 00:00:00,-0.090071954
2025-03-01 01:00:00,-0.28393725
2025-03-01 02:00:00,-0.4527476
2025-03-01 03:00:00,-0.60247314
2025-03-01 04:00:00,-0.7194804
2025-03-01 05:00:00,-0.5282014
2025-03-01 06:00:00,-0.047619805
2025-03-01 07:00:00,0.35327408
2025-03-01 08:00:00,0.6434341
2025-03-01 09:00:00,0.7390059
2025-03-01 10:00:00,0.5414935
2025-03-01 11:00:00,0.21596116
2025-03-01 12:00:00,-0.03935656
2025-03-01 13:00:00,-0.24700786
2025-03-01 14:00:00,-0.4186782
2025-03-01 15:00:00,-0.57033724
2025-03-01 16:00:00,-0.69153625
2025-03-01 17:00:00,-0.5366246
2025-03-01 18:00:00,-0.042939384
2025-03-01 19:00:00,0.38633245
2025-03-01 20:00:00,0.72821504
2025-03-01 21:00:00,0.88180834
2025-03-01 22:00:00,0.7371511
2025-03-01 23:00:00,0.38322762
2025-03-02 00:00:00,0.10061881
2025-03-02 01:00:00,-0.13078606
2025-03-02 02:00:00,-0.3119824
2025-03-02 03:00:00,-0.47351828
2025-03-02 04:00:00,-0.61327165
2025-03-02 05:00:00,-0.6734719
2025-03-02 06:00:00,-0.2297416
2025-03-02 07:00:00,0.20965041
2025-03-02 08:00:00,0.58027816
2025-03-02 09:00:00,0.8147932
2025-03-02 10:00:00,0.79870987
2025-03-02 11:00:00,0.49995047
2025-03-02 12:00:00,0.19367126
2025-03-02 13:00:00,-0.049420547
2025-03-02 14:00:00,-0.24403062
2025-03-02 15:00:00,-0.40750018
2025-03-02 16:00:00,-0.55150867
2025-03-02 17:00:00,-0.63662153
2025-03-02 18:00:00,-0.27259594
2025-03-02 19:00:00,0.17646532
2025-03-02 20:00:00,0.5678292
2025-03-02 21:00:00,0.834496
2025-03-02 22:00:00,0.859834
2025-03-02 23:00:00,0.57625014
2025-03-03 00:00:00,0.24837014
2025-03-03 01:00:00,-0.0054440727
2025-03-03 02:00:00,-0.21083768
2025-03-03 03:00:00,-0.38106295
2025-03-03 04:00:00,-0.5338875
2025-03-03 05:00:00,-0.65980077
2025-03-03 06:00:00,-0.57444674
